{"cameraMode":{"drawMode":0,"name":"Shaded","section":"Shading Mode"},"sceneLighting":true,"audioPlay":false,"sceneViewState":{"m_AlwaysRefresh":false,"showFog":true,"showSkybox":true,"showFlares":true,"showImageEffects":true,"showParticleSystems":true,"showVisualEffectGraphs":true,"m_FxEnabled":true},"in2DMode":false,"pivot":{"x":57.75495147705078,"y":23.91387939453125,"z":3.570342540740967},"rotation":{"x":0.031183836981654168,"y":-0.010197484865784645,"z":-0.00031607679557055235,"w":-0.9994657635688782},"size":33.65005111694336,"orthographic":false}