{"cameraMode":{"drawMode":0,"name":"Shaded","section":"Shading Mode"},"sceneLighting":false,"audioPlay":false,"sceneViewState":{"m_AlwaysRefresh":false,"showFog":true,"showSkybox":false,"showFlares":true,"showImageEffects":true,"showParticleSystems":true,"showVisualEffectGraphs":true,"m_FxEnabled":true},"in2DMode":false,"pivot":{"x":-1.6834392547607422,"y":0.7040257453918457,"z":-3.0902719497680666},"rotation":{"x":0.07605258375406265,"y":0.04096660017967224,"z":0.0031275900546461345,"w":-0.9962589144706726},"size":1.1855403184890748,"orthographic":false}